user_id,gender,age
4855,F,1
4065,M,56
3331,M,25
5373,M,45
2032,M,25
5875,F,50
3984,M,35
4062,M,25
5117,M,25
5822,F,35
174,F,25
5188,M,25
595,M,45
2538,M,35
5031,M,25
4765,F,35
1819,M,50
3970,F,18
568,M,1
4007,M,25
2641,M,18
2646,M,18
3839,M,35
3263,F,25
281,M,18
2009,M,25
5836,M,25
1581,F,25
679,M,35
3634,F,35
2401,M,56
2184,F,25
5532,M,45
3638,F,18
4159,M,45
1770,M,25
3754,F,25
637,F,18
1452,M,18
5412,M,45
5345,F,18
3078,M,25
4772,M,25
3484,M,45
1064,F,45
2812,M,18
3120,M,18
4295,M,25
491,M,18
3283,F,25
5595,F,1
622,M,18
4428,M,25
1570,M,50
4561,F,35
3927,M,35
127,M,18
1950,M,25
1877,F,50
2285,M,50
656,M,25
462,F,35
4055,M,18
4477,M,18
2148,M,35
1582,M,25
272,F,50
3556,M,18
883,F,25
5295,M,18
3223,M,25
4070,F,45
3,M,18
5314,M,35
4225,F,1
1341,M,35
5909,M,18
1413,F,45
4463,F,45
3900,M,56
4426,F,25
811,M,25
3491,F,25
5118,M,18
2018,M,18
1308,F,1
4379,M,25
4351,F,45
2995,F,56
3680,M,56
1336,M,35
3758,F,18
1286,M,25
5003,M,25
3574,M,45
1703,F,25
1855,F,35
32,F,35
5901,F,1
5207,M,35
1516,F,18
5457,M,35
406,M,45
1088,M,25
3923,M,45
5138,F,35
3458,M,45
5861,M,25
215,M,45
5924,M,25
2990,M,35
5374,M,25
4202,M,18
3936,F,25
2601,M,25
4840,M,25
3083,M,25
3166,M,35
2107,F,1
1385,M,25
5229,M,35
5749,F,18
3937,M,35
1881,M,56
354,M,45
666,M,18
2158,F,45
3265,M,56
712,M,25
1263,M,35
5897,M,18
3252,M,25
3385,F,25
2042,M,25
2145,M,18
2971,M,18
4416,F,45
4147,M,18
1823,F,25
4544,F,35
4344,M,35
4940,M,25
1200,M,18
4424,M,25
2468,M,18
4705,F,35
1873,M,18
5310,M,50
2483,M,25
4257,M,35
2889,F,25
4075,M,18
624,M,1
5520,M,50
3054,M,35
1221,F,45
3209,M,35
4186,M,56
2627,F,45
2717,M,35
3156,M,45
136,F,18
1809,M,18
3519,F,56
5809,M,18
3228,M,18
5977,F,25
4556,F,50
1933,M,25
2427,M,25
3868,F,50
3012,M,25
2382,M,25
1170,M,25
3380,F,25
4952,F,18
4280,M,50
5041,M,56
5368,M,25
3536,M,45
2958,M,18
2299,M,18
2882,F,45
423,F,25
1677,M,45
4866,M,18
4327,F,45
5533,M,56
3036,M,18
3651,M,25
3425,M,18
1428,M,18
2826,F,45
3437,F,1
5740,M,25
671,F,35
1849,M,18
3716,M,25
3988,M,18
3100,F,18
615,F,35
2891,M,18
4218,F,18
813,M,25
957,M,35
4823,M,25
5863,M,25
2503,M,35
2962,M,35
3880,F,1
5001,M,45
3043,M,25
2460,F,18
2936,M,18
3181,M,35
5027,M,45
2139,M,18
1471,M,35
458,F,25
4912,M,25
3472,F,25
5881,M,25
3386,M,25
845,F,18
3177,M,25
5782,M,35
1965,M,35
2493,M,25
3418,M,18
3958,M,45
3721,M,25
315,M,25
1687,F,45
5261,M,35
2537,M,25
151,M,25
1244,M,25
1051,F,50
3459,M,18
240,M,50
4717,M,35
4828,F,18
2865,M,25
5892,M,50
5211,M,35
1870,F,18
5180,M,25
4922,M,18
474,F,18
1939,M,35
4246,M,56
374,M,25
4400,F,25
330,M,35
1425,M,35
3045,M,45
3256,M,18
4791,M,25
112,M,25
2721,M,18
2884,M,25
4074,F,25
163,F,25
3656,M,35
5493,F,35
1415,M,35
1451,M,45
5899,F,18
1396,M,25
646,M,50
1295,M,18
3059,M,18
4552,M,18
2536,M,18
1198,M,25
3775,M,45
2373,F,35
3604,M,45
4996,M,25
5676,M,50
1728,F,35
431,M,25
2377,M,25
4901,M,25
2575,F,35
5635,M,25
172,M,50
1920,F,25
28,F,25
2964,F,25
3588,M,35
1619,M,35
3930,M,56
5096,F,45
2825,M,18
851,M,50
1927,M,18
1234,F,18
4773,M,25
2437,M,25
563,M,18
3128,M,18
4150,M,25
1347,M,25
3360,F,18
5923,M,18
4670,M,50
2143,M,25
2873,M,25
8,F,18
4112,M,18
996,F,50
1316,F,18
2289,F,56
633,F,56
4187,M,56
3034,M,35
3372,F,56
3201,F,50
642,M,35
1744,M,18
5084,M,56
772,M,45
5760,M,35
2679,F,50
3866,M,50
1299,M,35
636,M,35
4287,M,35
4993,M,56
2129,M,25
3520,M,50
5896,M,35
5874,F,56
2394,M,35
5275,M,18
1643,M,18
5236,M,35
3596,M,50
1042,F,25
5963,F,56
2103,M,18
2101,F,35
3196,M,35
805,M,25
2829,F,25
5409,F,56
5602,M,50
4249,M,1
4628,M,45
4364,M,18
435,M,18
5684,F,35
5682,M,35
4227,M,18
1435,M,56
3446,M,18
5418,F,56
2888,M,25
2267,M,35
2755,F,25
1410,M,35
2532,M,18
3250,F,35
3663,F,18
916,M,50
231,M,50
4640,M,25
5242,M,35
4334,M,18
2467,M,18
5860,F,18
5355,F,25
2977,F,35
5765,M,25
3922,M,35
1575,M,25
5101,F,18
2609,F,35
2307,M,25
1735,M,35
5141,F,35
2482,F,25
336,M,25
4651,M,25
2338,M,25
4991,F,35
2817,F,25
4312,M,25
3270,M,25
3552,M,45
5768,M,18
4396,M,35
2505,M,18
2647,M,18
382,M,25
4913,M,35
2078,M,25
4982,F,35
1506,F,18
5605,M,18
5371,M,25
2735,M,18
1874,M,18
4102,M,56
1378,M,25
3960,M,18
3070,M,25
2332,M,18
2142,F,25
4845,F,45
1592,M,35
3786,M,25
3392,M,25
2564,F,35
4914,M,45
832,F,25
194,F,25
1083,M,18
1459,M,35
4181,F,45
4842,M,56
4239,M,18
5622,M,25
1092,M,25
6020,M,18
5946,M,35
5022,F,18
2445,M,18
4589,F,18
2769,M,18
2176,M,45
5583,M,50
1959,F,45
903,M,25
2416,M,18
3641,M,35
2248,M,18
268,M,35
1678,M,56
1153,M,35
5814,M,25
4324,M,25
5256,M,56
5958,M,45
302,F,50
4766,F,45
2451,M,25
4951,M,25
3085,M,45
3968,M,56
3203,M,50
4750,M,18
22,M,25
979,F,35
298,M,35
3144,M,18
3855,M,50
923,F,18
23,M,45
629,M,50
3653,M,18
1576,M,25
3532,F,18
1713,M,18
5978,M,25
2487,F,35
4328,F,1
4256,M,35
5567,F,1
228,M,35
5421,M,35
668,F,18
5460,M,25
914,F,25
3336,M,35
65,M,35
2387,M,50
2297,M,25
2612,F,18
2171,M,45
152,M,25
1159,M,18
1265,F,1
2403,M,56
5422,M,56
2381,F,35
4733,M,25
4597,M,18
5711,M,1
3557,M,18
2862,M,25
1944,M,50
1618,F,35
4540,M,18
5670,M,18
4624,F,25
3073,M,35
4028,F,25
647,F,18
4191,M,25
2989,M,35
3485,M,35
4057,M,25
396,M,35
3681,M,25
3106,F,25
1136,M,25
675,M,25
3397,M,18
3479,F,45
3302,M,35
2258,M,25
555,M,25
256,M,25
3731,F,56
5561,F,25
1786,F,35
3260,F,35
2276,F,35
1166,M,56
1097,M,25
5750,M,50
1937,M,18
3116,M,35
248,M,45
3902,F,25
1957,F,18
4103,M,35
6035,M,25
3918,F,18
2284,M,25
5316,M,25
3636,M,25
509,M,35
3024,M,25
5196,M,45
4847,M,56
5237,M,25
1247,M,18
2033,F,18
4357,M,18
2108,M,25
3569,M,35
5051,M,35
3983,F,25
5937,M,35
4432,F,35
737,M,25
3756,M,45
4661,M,35
1832,M,50
2899,M,25
536,M,25
1998,M,18
964,F,25
5629,M,56
4810,M,35
2424,F,25
5348,M,45
5465,F,18
4979,M,35
2800,M,25
902,M,45
2968,M,25
1365,M,25
3399,M,35
2275,F,50
4881,F,18
1025,M,25
2392,M,50
4338,M,18
2465,F,35
3247,M,25
5709,M,25
5729,F,45
5414,M,35
3361,M,18
4250,M,25
4086,M,1
1919,M,50
949,M,18
1484,F,25
3056,F,25
5930,M,18
715,M,35
148,M,25
989,F,25
1866,M,18
4877,F,35
4422,M,25
5322,M,18
5391,F,50
4862,F,56
2607,M,25
1782,F,25
3357,M,35
583,M,35
4825,M,50
3071,M,35
1897,F,18
297,F,56
2714,F,25
2208,M,45
2446,F,18
1477,F,1
4506,M,25
5652,M,18
4297,M,25
967,M,25
3193,M,35
5405,M,50
4133,M,35
5012,M,35
4649,M,50
1326,M,25
4002,F,25
5980,M,25
2760,F,18
2346,M,18
4275,M,18
1256,M,25
5627,M,25
605,M,25
5456,F,35
1593,M,18
899,M,50
221,F,35
5203,F,1
3644,F,35
3982,M,35
1185,M,45
5232,M,25
190,F,1
1216,M,56
835,M,18
5075,M,35
4905,M,25
4793,M,45
429,M,18
4606,F,35
5644,F,35
3303,M,25
4684,M,25
3665,M,35
2665,M,35
2040,M,35
4774,F,25
3947,M,25
4642,M,25
3149,M,35
5126,M,18
4466,M,56
5016,M,50
1640,F,25
523,F,45
1321,F,50
2068,F,25
1562,F,25
2466,M,45
5540,M,45
1760,M,18
522,F,25
613,M,35
3505,M,18
1603,F,18
2363,M,25
5577,F,25
1476,M,25
1747,M,25
1726,M,18
2513,M,35
4059,M,25
4758,M,25
3130,M,25
4782,M,18
6027,M,50
250,M,25
3830,M,35
787,M,25
4019,M,35
3599,M,25
4580,M,25
2681,M,25
5066,M,25
6019,M,18
1398,F,25
4692,M,56
945,F,50
4575,M,25
4267,M,35
5727,F,25
2333,M,35
5606,M,18
4660,F,18
1956,M,25
2761,F,50
4680,M,18
4443,M,18
5557,M,50
5185,F,18
3690,M,35
1616,F,56
4122,F,35
5035,M,25
812,M,35
1895,M,35
3161,M,25
1147,M,18
4584,M,25
806,M,25
52,M,25
4548,M,35
3822,M,18
2396,M,18
834,M,18
3616,M,25
3103,M,18
329,M,1
5254,M,18
5519,F,35
5939,M,25
3137,M,25
592,M,50
1922,M,56
5365,F,25
2978,M,35
4860,M,25
589,M,35
2591,M,25
714,M,45
2655,M,25
3764,M,35
786,M,25
5100,M,25
2390,M,18
1381,M,1
266,M,18
3076,M,35
2605,M,25
3371,M,25
5353,M,18
3254,F,1
1514,M,25
475,M,1
5756,F,18
1820,M,18
309,M,25
2160,M,35
1329,F,35
3871,F,25
4494,F,25
5884,M,1
4289,M,35
1071,F,35
4587,M,35
3445,M,25
5216,M,35
4160,F,56
4875,M,56
1502,M,18
3872,M,1
5330,M,18
530,M,18
192,M,25
3441,F,25
560,M,25
5849,M,25
882,M,45
2558,M,18
3614,F,50
510,M,18
4001,M,25
5647,M,18
1054,M,1
3935,F,25
3717,M,18
5857,M,18
1281,M,25
1632,M,25
1058,M,18
559,M,56
4304,M,25
36,M,18
3295,M,18
3068,M,25
4994,M,18
198,M,25
2131,M,18
673,M,25
0,M,35
857,M,25
3206,F,35
4108,M,50
5150,F,35
242,M,50
2141,F,50
3251,F,25
109,F,25
573,F,35
5437,F,25
816,M,25
600,M,18
1406,M,25
1817,M,35
3031,M,35
4644,M,18
4095,M,25
4155,M,25
1645,M,25
291,M,50
5664,M,25
1741,M,18
5943,F,18
464,M,25
4009,M,45
5951,M,18
1161,M,18
3990,M,35
900,M,35
5169,M,18
4710,F,25
1307,M,25
1717,M,35
1773,M,56
64,F,35
5313,M,45
3092,M,18
3608,M,1
3494,M,35
511,F,45
4629,M,18
4317,M,35
1946,F,35
2557,M,56
3816,M,25
4872,M,56
5226,M,50
2336,M,25
1682,F,25
721,F,50
2797,F,18
1474,M,25
2948,M,25
4429,F,18
4609,M,25
1419,F,25
594,M,25
3004,M,25
2065,M,35
1093,M,18
5115,M,25
3338,M,25
1211,F,25
3920,F,18
1601,F,45
3972,M,35
4173,M,35
3335,M,25
4531,M,18
5631,M,25
5666,M,35
6004,M,25
3594,F,25
5918,M,35
780,M,1
2921,M,45
4695,M,50
2232,M,18
4553,F,25
5707,M,1
1612,M,50
5701,M,56
4337,M,45
4545,M,1
1356,M,25
4454,M,25
926,M,18
5551,M,45
1597,M,35
3783,M,18
3279,M,18
2237,F,35
1892,M,1
4294,M,35
5693,F,56
5559,F,56
1932,F,1
401,M,45
1788,M,18
4359,M,25
3293,M,35
1339,F,50
3448,M,18
5801,M,50
1021,M,18
3272,M,25
3454,M,25
1794,F,25
3628,F,56
3893,F,56
3701,M,56
2062,M,56
877,M,35
2371,F,45
1896,M,1
142,F,45
2636,F,50
4797,M,45
2857,F,50
3259,M,50
2133,F,35
4209,M,25
742,F,35
4947,M,25
556,F,25
553,M,50
6018,F,45
1511,F,35
1818,M,18
5107,M,25
5554,M,56
734,M,25
3244,M,50
87,F,35
717,M,1
584,F,25
1883,F,56
1500,M,25
1007,M,25
1013,F,56
558,F,35
3245,M,45
2210,F,35
2561,M,35
3028,M,18
3914,M,25
4067,F,25
5248,F,25
2395,M,1
5743,M,18
4510,F,50
5329,F,45
5516,M,35
5961,M,45
4799,M,35
800,M,18
771,M,56
1805,M,50
5014,M,35
1118,M,45
1081,M,56
3795,M,50
1865,F,25
156,F,50
2234,M,35
2339,M,35
2115,M,35
31,M,50
4203,M,1
5046,M,18
1635,F,25
4923,M,25
5032,M,25
4882,M,56
4282,M,56
4185,F,18
784,M,50
2630,F,25
3323,M,25
1458,M,25
4946,M,45
911,F,25
1795,M,35
2776,M,35
2100,M,35
1070,M,25
3105,M,18
1495,M,1
3463,M,25
5667,M,25
956,F,25
3271,F,25
4176,M,50
4107,M,25
2109,F,56
4607,F,35
3991,M,50
5708,M,50
4217,M,18
2973,F,25
2789,F,35
1668,M,25
2038,M,18
4921,F,18
3089,M,25
106,M,1
1847,M,45
4180,M,25
689,F,25
2420,M,25
4554,M,50
751,M,25
1886,M,25
4326,M,35
1665,M,18
1914,M,50
4077,M,35
4284,M,50
3492,M,25
1107,M,25
1164,F,35
4571,M,56
3423,F,45
1573,M,35
2364,M,56
5572,M,35
4431,M,18
4631,M,35
2231,M,18
2402,M,35
1945,M,25
2037,M,56
2725,F,35
3689,M,25
1571,F,45
24,M,18
3720,F,45
2838,M,25
4526,M,25
1521,M,35
2870,M,50
5889,M,25
5183,F,35
4486,M,18
5872,M,35
2000,M,45
998,F,56
5593,F,35
67,M,25
5280,M,45
1905,M,35
5238,F,50
2663,M,25
3528,F,1
3942,M,56
3691,M,18
245,M,35
4715,M,45
2399,M,25
3672,F,25
4130,F,35
3330,M,35
2391,M,1
1046,M,35
4446,M,1
3341,M,45
1457,M,25
359,F,25
5276,M,18
755,M,45
4516,M,50
5702,M,35
4313,M,25
1379,F,25
1915,M,45
425,M,35
2740,F,18
693,M,25
3064,F,45
5674,M,50
5478,F,35
2650,F,25
5458,M,45
1085,F,25
1404,F,25
91,M,25
1055,F,45
4152,M,25
1360,M,56
212,M,18
5586,M,45
4047,M,56
1215,M,1
4301,M,25
5312,M,18
2739,M,25
4061,F,1
285,M,35
4104,M,25
4691,M,18
351,F,18
726,M,50
3777,F,18
2490,F,56
1303,M,1
5334,M,18
4934,M,35
5498,M,25
3940,M,25
809,M,35
5166,M,18
1579,F,45
3424,M,35
3138,M,35
3503,M,18
3677,F,50
5869,M,56
4716,M,18
4955,F,56
5714,F,50
2128,M,18
1134,M,18
2539,F,18
701,F,25
1654,M,25
5297,M,18
2439,M,50
3583,M,35
6038,M,18
3835,M,56
1926,M,56
4626,M,50
2080,M,25
3510,F,18
5658,M,56
5272,M,25
547,M,25
2353,M,35
2533,M,18
4906,M,56
3563,M,18
5204,M,18
1196,M,18
2592,M,50
5053,F,35
3750,M,18
1930,M,18
2408,M,25
5074,F,45
2974,F,25
4391,M,18
4621,M,50
694,M,25
828,M,50
5082,F,18
5817,M,25
305,M,35
2822,M,25
2814,F,25
1210,M,25
2093,M,18
1069,M,18
4599,F,1
5719,M,25
3414,F,50
3757,M,45
2787,F,35
932,M,18
5886,M,18
233,M,25
5902,F,35
2656,M,1
2419,F,25
5110,M,25
4015,M,56
3376,F,50
261,F,25
4698,M,25
3508,M,56
4251,M,45
4468,F,25
3346,F,25
1835,F,18
619,F,25
13,M,56
5171,F,25
2914,M,56
1358,M,50
459,F,50
4018,M,35
3765,M,1
4520,M,35
2309,F,25
2880,F,35
62,M,18
1486,F,1
213,M,45
1056,M,25
3531,M,45
3369,F,35
4565,M,50
4735,M,25
4076,F,25
5030,F,1
1430,F,18
4964,M,35
1811,M,1
5988,M,50
4600,M,1
3666,M,18
3793,M,35
5824,F,25
2861,M,25
4645,F,56
4109,F,50
5222,M,50
2447,M,25
495,M,35
1539,M,25
3077,M,18
4942,F,50
162,M,50
4987,M,56
588,M,35
1758,M,25
1947,M,25
4738,M,56
3210,M,25
1418,M,1
1172,M,18
5484,M,35
3858,M,25
47,M,50
3109,M,45
210,M,18
2524,M,50
2012,M,25
2790,F,25
5199,M,25
1155,M,25
234,F,18
4795,F,45
2218,M,18
1666,F,25
5507,F,25
2842,M,18
920,F,35
2550,F,25
1836,F,18
3585,M,1
4078,F,35
1016,M,35
1995,M,25
5224,M,25
279,M,18
5954,M,35
168,F,35
1096,M,35
4177,M,50
1402,M,25
908,M,56
4967,F,35
4096,F,18
2072,M,25
2454,M,25
5494,F,18
5994,M,45
650,M,35
3878,M,25
1074,M,18
4248,M,25
1505,M,1
789,M,25
3704,F,18
5805,M,25
791,M,25
2052,M,50
1941,F,56
5425,M,25
4470,F,45
5058,M,18
4156,M,35
57,M,45
2216,M,50
4837,M,35
5942,F,18
1856,M,18
5590,M,35
2802,M,1
2562,M,25
5357,M,50
4080,F,18
3470,M,45
2734,M,35
4659,M,35
4058,F,50
5398,F,35
3351,M,45
141,M,35
5163,F,35
1976,M,25
4228,M,25
959,F,50
2707,F,35
85,M,1
514,M,25
521,M,35
5474,M,25
3837,M,1
1466,F,25
4146,M,18
2804,M,25
5823,M,25
4615,M,45
4846,M,25
4149,M,56
4725,M,1
2690,M,25
372,M,45
639,M,18
2716,M,25
4771,M,18
1903,F,18
1564,M,35
4090,M,50
5113,M,45
2151,M,18
419,F,25
4747,M,25
3727,F,25
4761,M,56
1450,F,35
3354,M,35
1028,M,25
5847,F,25
2631,M,1
5475,M,35
2380,M,18
1541,M,56
4046,M,45
5812,M,25
3118,M,25
795,M,50
74,M,35
2618,F,50
3449,M,56
917,M,25
3129,M,35
2337,M,25
1523,M,18
362,M,35
2836,M,35
4394,F,25
1342,F,25
1884,M,35
1202,F,18
3379,F,1
2099,M,50
4010,F,35
1602,F,25
1680,M,35
2378,M,1
2173,F,25
5835,F,45
5427,F,18
3285,M,45
5090,M,35
5565,M,35
3706,M,25
5944,F,25
276,M,35
2518,M,50
1507,F,45
1501,F,1
5604,M,1
4586,M,25
338,F,25
2635,M,25
2581,M,35
1904,F,50
1472,M,1
5214,F,25
4896,M,50
1986,F,45
4638,F,45
294,M,35
4925,F,45
4049,F,56
985,M,1
4634,M,18
2222,F,45
754,F,25
5600,M,18
5380,F,25
3150,F,25
2680,F,50
4535,M,56
2512,M,25
1311,M,35
1187,M,35
222,M,45
3119,M,18
4595,F,25
3343,M,25
3711,F,25
1751,M,35
1538,F,56
1,M,18
26,M,25
3080,F,18
2229,M,18
489,F,25
1184,M,50
4891,M,56
1830,M,25
3671,F,35
3501,M,25
5327,M,18
4727,M,50
2934,M,35
2235,M,25
686,M,18
3387,M,18
1203,M,45
4550,M,25
471,M,35
2241,M,18
392,F,25
5490,M,18
4854,F,1
653,M,35
2130,M,25
4272,M,35
4712,M,1
1075,M,18
5775,M,25
5685,F,45
819,F,35
2768,M,18
1098,M,56
4011,M,35
3469,F,18
3874,F,1
5311,M,25
1908,F,50
2326,M,50
2726,M,18
1912,M,35
125,M,35
1348,M,35
4172,M,18
698,M,35
5526,F,25
5264,M,25
3572,M,35
2748,M,18
4975,F,25
2238,M,35
2182,M,18
3195,M,35
199,F,56
1653,M,25
2796,M,18
1657,F,45
1250,M,25
1851,M,25
1784,M,1
3702,F,25
2621,F,18
1067,F,45
5553,M,35
4549,M,50
4617,M,35
2470,M,50
5910,M,18
4414,M,25
4800,M,1
1802,M,56
5403,M,18
1587,M,25
5198,M,25
760,M,25
4582,M,25
3226,F,25
2203,F,18
4529,F,45
10,M,1
4148,F,50
792,M,25
4805,M,35
1041,M,25
3381,M,18
5453,M,25
2515,F,25
4859,M,25
2250,M,35
4298,M,25
4440,F,35
2474,M,50
775,M,18
5931,M,25
2034,F,25
4961,M,25
5784,M,18
562,M,25
5613,M,50
1119,M,18
3861,M,1
4873,M,25
3698,M,25
4514,M,18
980,M,25
3867,M,18
4026,M,50
124,M,25
4820,M,35
3086,F,1
150,M,1
5737,F,25
371,M,35
235,M,25
2586,F,35
375,M,18
3635,M,25
930,F,25
685,M,18
5328,M,25
5991,M,18
5703,M,25
3134,F,25
5018,M,35
2708,M,25
4910,M,18
933,F,25
325,M,56
3566,M,18
891,M,25
1963,M,18
4243,M,25
4500,M,45
1205,M,18
1837,M,45
48,M,50
5308,F,18
2321,F,35
5780,M,18
4438,M,25
2846,M,25
3888,M,45
1700,M,56
170,M,18
5344,M,25
1204,M,25
3408,M,25
1825,M,25
5055,M,56
2984,M,35
1163,M,35
1257,M,18
1320,M,25
3827,M,45
5704,F,25
983,F,35
740,F,18
1150,M,18
5249,F,18
5755,M,18
4358,M,35
3768,F,25
1966,F,18
2291,M,18
5209,F,1
1492,M,50
3699,M,45
5417,M,35
4900,M,25
5573,F,1
5762,F,56
29,M,18
5810,M,25
958,F,25
534,M,1
184,M,25
3030,F,50
395,F,45
177,M,56
4352,M,18
323,M,25
879,F,18
1951,F,18
4616,M,18
5395,M,35
5043,M,25
4849,M,56
4719,M,45
3413,F,25
2228,M,25
2236,M,25
2349,M,35
2798,M,50
2794,M,35
2922,M,25
2013,F,35
1249,M,35
3776,F,18
878,M,25
2489,M,35
3011,M,25
363,M,35
288,M,25
452,F,25
5677,F,25
3317,M,25
2047,F,18
66,F,35
3946,M,45
2215,M,25
355,F,35
2855,M,25
774,M,25
239,M,25
5370,M,18
3020,M,35
3819,F,45
578,M,25
3526,M,25
339,M,50
3248,M,50
5252,M,25
2892,M,25
4959,M,18
391,M,50
4978,M,25
5679,M,45
1148,M,18
2134,M,18
226,M,18
5469,M,18
5047,M,45
4493,F,50
1111,M,25
1146,F,45
1024,F,56
2149,M,25
4907,F,25
931,M,56
1442,F,18
4283,M,25
4087,M,35
982,M,25
5407,M,50
661,M,45
4924,M,18
4279,F,18
3506,M,25
763,M,18
2165,M,50
5579,M,18
5386,M,25
41,M,25
4490,M,25
98,M,18
441,F,45
5518,M,18
1699,M,25
4174,F,45
2352,F,35
5095,F,18
4893,F,25
2697,M,35
275,M,25
4612,M,18
2159,F,18
3649,M,45
2579,M,25
373,M,50
2910,M,35
1423,F,25
3016,F,56
3714,M,35
5289,M,25
3325,M,1
550,M,35
5759,F,25
5904,M,18
2682,M,18
4037,F,18
2935,M,25
69,M,25
2335,M,18
4126,M,25
1048,F,25
5028,M,18
1983,M,35
5914,M,35
4269,M,25
2188,F,18
4281,M,35
3949,M,35
3151,F,25
2991,M,35
946,M,25
4701,M,25
2436,M,25
5905,M,35
5562,F,18
4724,M,35
3284,F,25
3618,M,25
5350,F,25
2824,M,18
2156,M,18
1375,M,25
360,F,18
1695,M,25
5614,M,50
3860,M,25
3590,M,25
89,M,18
2314,F,18
1043,M,25
3163,M,25
871,M,25
3127,M,25
1798,M,25
4871,F,50
1006,M,18
2027,M,18
5710,M,18
3912,M,18
5410,M,35
1980,M,35
5221,M,18
4646,M,18
4467,M,25
1001,M,35
2678,M,18
1629,M,25
1993,F,18
4939,F,18
2311,M,18
2344,M,18
3102,M,45
843,M,18
5934,M,56
2389,M,35
1638,M,35
4503,M,56
2613,M,56
3895,M,35
632,M,25
161,M,35
3581,M,35
5144,M,45
2319,M,25
289,M,25
2384,M,50
3512,M,25
1433,M,50
254,M,35
5128,M,25
2791,M,35
1429,M,18
4902,F,18
4092,F,25
2280,M,25
2593,F,25
484,M,25
1777,F,25
4608,M,35
743,M,25
361,M,35
3451,M,18
4816,M,18
1284,F,45
4241,M,25
1513,M,45
4110,M,25
267,M,35
709,M,25
4808,M,56
974,M,18
4210,M,25
1008,M,25
79,M,25
3664,M,25
5599,M,18
3401,M,18
5538,M,35
4124,F,35
4081,M,45
3101,M,18
1650,M,18
1844,M,18
4005,M,45
399,M,18
2979,M,45
3753,M,1
960,M,25
2692,M,18
1969,F,25
4507,M,25
4300,M,25
4777,M,18
3050,M,50
552,M,35
3792,M,45
5439,M,35
1023,M,18
18,F,25
3993,M,18
5122,M,25
113,M,25
1036,M,18
1454,M,18
1149,M,18
525,F,18
2269,F,25
2117,M,50
3480,M,56
428,F,25
2955,F,35
2322,M,50
63,M,1
4288,F,35
5266,M,35
2624,M,1
1625,F,35
5637,M,25
1633,M,25
5451,F,25
4785,F,35
5435,F,18
4639,M,25
704,M,45
486,F,25
3180,M,18
3952,M,25
403,M,18
1175,M,18
3457,F,18
5953,M,18
490,M,35
5267,M,25
2894,M,25
1039,M,25
2799,M,35
3791,M,18
5200,M,25
3267,M,18
3075,M,18
2113,M,25
1961,F,18
5131,M,25
5721,M,45
3215,M,18
977,M,35
319,M,35
2273,M,18
5247,M,25
4677,M,25
5720,M,50
5454,M,25
4121,M,18
4484,M,56
5459,M,1
4707,F,18
5244,F,25
3994,M,56
1667,M,50
118,M,50
5174,M,18
1913,M,35
2584,F,18
5948,M,25
5816,M,50
5611,M,50
3929,M,45
3398,M,56
999,F,45
1371,M,50
5907,M,35
3812,M,45
6024,M,35
5833,M,25
4980,F,45
5829,M,1
5086,M,25
2710,M,35
16,M,35
3640,M,35
2144,F,50
3535,M,45
5056,M,50
2908,M,25
5392,M,56
5424,M,35
1388,M,18
3603,M,50
3931,M,45
3404,M,25
143,F,35
2527,F,35
4623,M,35
4874,M,56
4226,F,50
2620,M,25
1599,F,45
4407,M,56
4171,M,50
4676,M,25
937,M,35
3686,M,18
2788,F,35
277,F,25
420,M,35
1213,M,56
790,M,18
5287,M,1
415,F,18
831,M,25
1534,M,25
2126,F,35
658,M,50
3761,M,45
398,M,18
4558,F,45
3910,M,1
4114,F,35
2606,M,56
1488,F,25
296,M,35
324,F,56
2010,M,50
5036,F,1
5361,M,35
1752,M,1
4475,F,1
1940,M,25
5278,M,25
893,M,25
4418,M,18
4682,M,25
1327,M,1
5187,M,35
3298,M,25
3615,F,25
5649,F,35
3909,M,25
4635,M,35
120,M,35
160,M,18
1647,F,18
3601,M,25
3602,M,25
5195,M,25
5130,M,1
93,M,18
5723,M,25
4403,F,18
5054,M,35
1412,F,25
4573,M,25
1152,M,1
1918,M,35
1174,F,18
836,F,25
2082,F,50
529,M,45
5974,F,50
5447,F,18
5786,F,50
501,F,25
3377,M,56
3182,M,25
5230,M,50
70,M,25
1063,F,25
2997,M,50
1231,F,25
4831,M,45
5542,M,25
2007,M,35
5525,M,18
1891,M,35
1553,M,56
1694,M,1
1219,M,56
3738,M,35
4537,M,56
1971,M,1
5466,M,25
3022,M,18
5042,M,45
2580,M,50
5301,M,25
691,F,25
3288,M,50
1781,M,25
2362,M,25
4675,M,18
730,M,35
3378,M,35
2457,M,25
4936,M,35
4083,M,25
4085,F,50
3264,F,35
3803,M,18
1889,M,50
3217,F,56
4135,M,1
3081,M,45
5184,M,18
4836,M,35
2713,M,50
1649,M,25
3789,F,35
593,M,18
4984,F,35
1314,M,25
4977,M,45
5956,M,18
733,M,18
4720,F,56
626,M,25
3362,M,35
3315,M,50
4790,M,25
350,M,25
3200,M,25
1821,M,18
4390,M,1
3477,M,56
3896,M,50
4089,F,25
2060,M,45
1753,F,25
4088,M,25
5375,M,35
3433,M,50
5935,F,45
4376,F,45
4878,F,18
2200,F,25
1875,M,56
6033,F,45
3684,M,50
527,F,25
5845,F,25
4576,M,1
3884,M,25
4449,F,45
5065,F,1
3611,M,35
4161,M,1
1810,M,50
4614,F,50
158,F,35
1267,M,35
14,M,1
3582,M,45
3364,M,25
3622,M,50
3969,M,25
4230,M,35
2179,F,56
1195,M,35
137,M,1
5021,M,56
557,M,18
2535,M,25
4489,M,35
1076,M,25
2659,F,25
5531,M,50
963,F,35
3859,M,56
5299,F,35
5799,M,45
5807,F,50
939,F,18
5468,M,18
3728,F,25
2372,M,18
1401,M,18
5589,M,18
4145,M,1
2055,M,25
3153,M,18
3637,M,1
3559,M,18
2911,M,18
4022,M,18
303,M,35
68,M,25
2357,M,50
438,M,35
38,M,35
4883,F,35
178,M,56
2511,M,18
2602,M,35
3246,M,56
3403,F,25
1722,M,18
651,M,35
1291,F,18
72,F,25
2893,M,25
1792,M,25
209,M,35
5922,M,45
1999,M,25
5062,F,18
3617,M,25
4006,M,1
4818,M,25
2127,M,50
3221,M,56
1173,F,45
3856,M,25
3190,M,18
5294,M,35
5900,M,18
4579,M,56
4053,M,25
4941,M,35
1131,M,1
1019,M,56
9,M,35
4562,F,35
3309,M,25
1684,M,35
3745,M,56
2902,M,18
2161,F,45
2674,M,25
123,M,45
2633,M,25
4949,M,56
5356,F,1
4444,M,18
2196,M,50
860,M,35
4931,F,1
2604,F,18
2578,F,50
801,M,45
802,F,50
744,F,45
378,M,18
2089,M,18
217,M,18
1345,M,18
513,F,18
1277,F,18
2639,M,25
1988,F,18
171,M,56
467,M,18
3002,M,18
411,M,25
3319,F,1
5690,M,18
687,F,18
4476,M,25
948,F,50
2866,F,18
5636,F,35
1143,F,1
4888,M,18
2720,M,35
196,M,25
4329,M,1
4971,F,25
1517,M,1
678,M,1
12,F,50
5059,M,35
4182,M,18
736,M,50
2571,M,50
2388,M,25
4497,M,1
1975,F,35
3013,M,45
2565,F,25
3620,M,25
5463,M,25
2878,F,25
1296,F,56
1910,M,18
1287,M,45
665,M,18
935,M,45
815,F,18
4988,M,1
4345,F,25
865,M,18
3781,F,25
1151,M,1
3135,M,25
837,M,1
3865,M,25
40,F,25
2514,F,35
2174,M,1
1490,M,35
4212,M,56
6,F,1
385,M,45
1227,M,56
4216,F,25
3039,M,45
3304,M,18
863,M,25
1252,M,35
2923,M,45
5804,M,45
724,M,18
4409,F,25
3985,F,25
3411,F,25
5175,F,25
3452,M,1
2773,M,35
5491,M,25
1009,F,50
3646,M,56
5733,F,45
654,M,25
3915,M,25
236,M,25
731,F,25
1936,M,50
1578,M,25
2496,M,45
746,F,45
3287,M,50
4372,M,25
3168,F,35
5787,M,56
3549,M,1
5754,M,1
869,F,35
5895,F,25
4473,M,18
5202,M,45
3811,M,45
4417,M,18
3767,M,45
2844,M,1
3655,M,1
722,M,25
904,M,45
4522,F,35
4611,M,25
5960,M,18
1996,M,35
97,F,18
1852,F,50
2069,M,35
4538,F,35
5706,F,45
2147,F,18
4492,F,18
3345,F,56
4983,F,25
2970,M,25
2913,M,45
516,M,25
1815,F,45
3440,M,56
4794,F,50
3090,F,56
5609,F,35
3658,F,45
1305,M,18
1608,M,50
3041,M,25
3114,M,25
4592,M,18
2821,M,56
2083,M,56
3249,F,45
6029,M,50
5005,M,50
1084,M,56
2585,M,45
3521,M,50
2645,M,35
3435,M,25
2046,F,1
2724,M,35
3631,M,56
1982,M,1
4523,F,50
1588,M,25
4093,M,45
4435,M,50
2727,F,56
5578,M,56
703,M,45
5854,F,25
2553,M,56
3834,M,35
4585,F,18
4354,M,56
4755,F,25
238,M,50
4136,M,50
1787,M,45
2020,M,50
2588,F,18
461,M,25
1569,F,45
4479,F,45
4796,M,45
3297,F,25
676,M,45
1685,F,50
3864,F,25
3439,M,56
674,M,35
1631,F,45
4362,M,56
5148,M,35
264,F,50
3186,M,25
5168,F,56
3061,M,35
4459,M,35
4377,F,18
1648,M,18
5381,M,18
3598,M,56
3908,F,56
2295,M,45
507,M,56
794,M,56
2305,M,50
922,F,56
4551,M,50
3157,M,35
4263,M,35
43,M,45
4128,F,56
5080,M,35
3420,M,56
1462,M,35
4673,F,45
3977,M,25
4662,M,35
2701,F,1
2202,M,35
4560,M,50
5781,M,25
4671,M,18
2898,F,25
5105,M,50
393,F,35
3500,M,35
3121,F,45
208,F,50
5450,F,35
3352,F,56
1797,M,56
3705,M,50
5038,M,56
3211,M,25
4131,M,50
2351,F,56
1130,M,50
2118,F,45
859,F,25
2500,F,56
2292,M,35
3925,M,50
4618,F,35
2762,F,45
179,M,45
5017,M,25
4499,F,50
4968,M,25
4333,M,35
1624,M,25
3008,M,18
2480,M,25
165,F,35
5262,M,50
3815,F,25
4972,M,35
5773,F,45
1363,F,25
2001,M,25
2869,M,56
3502,M,25
4127,F,25
3337,M,50
526,F,56
3950,M,56
3853,M,35
4221,M,35
729,F,18
3416,F,35
1734,M,25
1600,M,35
840,F,25
2531,M,25
478,M,45
1254,M,18
3488,M,18
5832,M,50
3375,F,56
1392,M,35
4072,F,45
481,F,35
5349,M,56
3115,F,35
103,M,56
1536,F,56
4542,M,25
3192,M,25
387,M,45
1038,M,45
453,F,1
5722,M,25
3339,M,50
1364,M,35
2981,F,50
3804,F,45
3072,M,25
2175,F,35
753,M,56
1954,F,25
2942,M,45
293,M,25
5045,M,25
2028,F,25
2969,M,25
2695,M,25
2548,M,25
2615,M,25
159,M,25
246,M,25
455,M,35
551,M,45
822,M,50
2648,F,45
1236,M,35
1527,F,35
1199,F,45
4115,M,25
3065,M,18
1548,M,25
4760,M,35
3091,M,56
2526,M,45
1332,M,45
5268,M,45
3179,M,25
317,M,18
2076,M,35
3955,M,25
4767,M,25
648,M,25
2895,M,50
1888,F,50
2540,M,18
3094,M,35
3917,M,25
921,F,18
1958,M,50
4776,M,25
1563,M,1
4025,M,50
580,M,25
2444,M,35
5746,M,50
2086,M,25
3476,M,25
3029,M,25
5842,F,25
4163,M,50
6009,M,45
4138,M,50
5160,F,25
4713,F,18
2642,M,35
975,F,50
663,M,56
4220,M,45
4375,M,35
5260,M,18
4688,M,45
5748,F,45
683,F,35
2617,M,25
910,M,35
2687,F,45
2774,M,45
5691,M,18
3907,F,18
4457,M,50
3111,F,50
4768,M,56
5619,M,50
4826,M,56
1828,M,25
4762,M,56
1382,M,35
4508,M,25
5524,M,25
5621,F,25
2784,M,25
224,F,35
2252,M,25
1002,M,25
211,M,25
2996,F,45
134,M,56
2230,M,56
1304,M,45
3885,F,45
2150,F,35
5883,M,25
5152,F,45
5033,F,56
5142,M,35
5940,M,18
4784,M,25
2329,F,56
5489,F,35
1853,M,56
4974,M,35
5393,M,56
5320,F,35
2544,M,18
1724,F,45
5736,F,56
81,F,25
3058,F,50
4408,F,56
4157,M,56
884,M,35
2702,M,56
5354,M,35
5669,F,45
991,F,35
1530,F,45
4989,F,35
4721,M,45
427,M,56
3899,F,56
5615,F,35
4423,F,35
3326,M,56
2021,M,50
2924,M,25
3052,F,25
5155,M,25
4619,M,25
3742,M,56
5440,M,25
2662,F,18
3159,M,56
5766,M,18
364,F,45
5993,M,25
634,M,18
432,M,45
3231,F,35
4165,M,35
2435,M,35
5258,M,25
1707,M,25
5039,M,45
4879,F,56
4711,M,35
1437,M,35
727,M,45
997,M,50
2998,M,35
6034,M,18
5763,M,25
2767,M,50
5858,M,35
448,F,45
2837,M,25
4620,F,25
2860,M,35
1669,F,56
1730,M,45
1868,M,25
2090,M,35
5194,F,56
707,M,25
5201,M,18
777,M,18
1808,M,50
2486,M,56
739,M,35
3772,M,18
417,M,50
5137,F,50
1529,M,25
1445,M,25
705,M,25
5547,M,35
1676,M,45
3093,M,25
1833,M,25
4238,M,35
5752,M,50
2317,F,56
3798,F,25
4456,F,50
2125,M,45
1475,M,25
5739,F,45
2354,M,35
4709,M,25
6003,M,25
992,M,35
3350,F,45
4099,F,18
1991,M,35
4657,M,18
988,M,18
3233,F,35
5969,M,56
697,F,35
965,M,35
765,M,56
1446,M,25
4487,F,25
2956,M,25
3609,F,18
139,F,50
5885,M,56
1355,F,35
2023,M,56
847,M,35
783,M,18
803,F,35
1512,M,25
5751,F,25
1925,M,35
782,M,25
5680,M,25
4143,M,45
797,M,18
4632,M,25
2084,M,45
776,F,35
1276,M,25
2256,M,25
1140,M,45
5982,M,56
2355,M,35
4303,M,25
2162,F,35
3208,M,35
44,M,56
961,F,1
537,M,25
1544,M,35
2249,M,56
1551,M,56
5167,M,25
3108,F,25
4101,M,35
5092,M,35
1938,M,45
4253,F,35
2632,F,25
2071,M,45
1994,M,35
2477,F,35
153,M,35
476,M,35
1949,M,25
206,M,35
2676,M,56
2661,F,35
4008,M,25
5803,F,18
5844,M,25
3537,F,25
5906,M,18
5488,M,35
71,F,18
5981,M,45
5449,M,25
2240,M,1
4335,M,25
3647,M,25
2932,M,25
154,M,18
4822,F,18
2728,M,56
2412,M,18
2057,M,35
2704,M,25
3431,F,50
1122,F,25
5434,F,56
1706,M,25
2529,M,45
5794,M,45
3810,M,35
5959,M,56
2417,M,25
5588,F,25
4685,M,56
5840,M,25
5492,F,25
4360,M,35
1015,F,25
2221,F,18
4224,M,25
614,M,18
3916,F,50
2114,F,50
2246,M,25
4411,F,25
5396,M,25
5462,M,35
564,M,45
5556,M,35
2871,F,25
4447,F,45
4864,M,35
4141,M,45
3785,M,25
2328,M,35
2675,M,50
4068,M,35
3113,M,35
5265,M,45
901,M,45
6015,F,18
1572,M,25
6037,M,45
5539,M,25
2556,F,50
1253,F,35
3600,M,45
1793,M,25
3736,M,25
4960,M,25
2600,M,18
2191,F,35
3964,M,50
2472,F,18
4559,M,25
2916,M,25
3355,F,25
5404,F,25
876,M,25
2742,F,50
2683,M,50
3145,M,35
3725,M,18
2689,M,25
5966,M,56
5575,M,25
1290,M,56
2543,M,35
662,M,50
4853,F,18
538,M,25
5758,M,50
5512,M,45
2434,M,25
2919,M,25
1376,M,25
3281,M,35
1289,M,18
915,M,35
684,M,35
4387,M,25
4915,F,18
4118,M,25
4690,M,18
1132,M,56
3679,M,35
3136,M,25
4125,M,35
4539,F,18
3313,M,45
2887,M,50
3561,M,56
2440,M,25
3790,M,25
5568,M,56
3436,M,18
3162,M,25
1824,M,56
3237,M,18
630,M,35
3771,M,25
4861,M,50
3562,M,25
5049,F,25
3189,M,35
2967,M,18
1549,F,18
90,F,25
1890,M,35
745,M,25
2551,F,35
2570,M,56
6028,M,1
3831,F,35
4035,M,56
3709,M,25
2634,F,1
4667,M,25
341,M,25
5282,M,25
3394,M,35
496,M,35
3545,M,25
4895,M,35
5983,M,25
5127,M,45
1681,F,35
3147,M,18
4985,M,50
3989,M,25
4158,M,18
3605,F,25
1189,M,35
4932,M,25
785,M,18
5912,M,45
3275,M,35
1900,M,25
2405,M,25
3395,M,25
1319,M,35
1769,M,35
5811,M,25
5173,M,18
4458,M,18
4079,M,25
487,M,25
4679,M,50
1285,M,35
5283,F,25
1698,M,25
4445,M,25
2091,F,18
741,M,18
4027,M,25
2927,M,45
3584,M,18
5581,F,25
5004,M,25
3589,M,1
2233,F,18
582,M,25
5813,M,35
4481,M,25
4904,F,1
4844,M,18
3530,M,35
5190,M,25
5072,M,45
5300,F,25
4386,F,35
2116,F,25
4415,M,25
3261,M,45
4851,M,35
1719,M,50
4729,M,50
574,F,25
56,M,25
383,F,18
2290,F,35
3695,M,25
5601,M,25
533,M,35
2653,F,50
4123,M,18
3522,M,18
1850,F,25
4622,M,18
2980,M,18
2863,F,50
5717,F,18
2779,M,18
5091,M,25
128,M,25
3527,M,35
227,M,35
2204,F,18
604,M,25
4204,M,25
1779,M,18
307,M,25
1555,M,18
1964,M,25
5592,M,18
866,M,35
5063,M,18
1712,M,25
4471,M,25
2415,M,25
1902,M,25
1515,M,35
5868,M,35
652,F,35
4361,M,18
2523,M,25
3670,M,1
3678,F,25
1714,F,18
2952,F,35
4038,M,25
4262,M,25
2756,M,45
5921,M,25
3489,M,25
858,M,18
121,M,25
5928,M,50
166,M,25
4474,M,35
606,F,18
4073,F,25
5848,F,18
390,M,25
269,M,25
4189,M,18
2669,M,50
439,M,18
973,M,25
5509,M,35
4105,F,35
1246,M,25
6001,F,18
1160,F,18
5146,F,25
5364,F,25
6010,M,25
5433,M,35
1165,F,50
416,M,35
5341,F,18
3780,F,35
5083,M,35
5971,F,25
2778,M,18
1017,M,25
2453,M,18
4858,F,35
2850,M,25
4990,M,25
39,M,18
2137,M,35
1463,M,25
3976,M,18
3748,M,25
1962,M,35
6036,M,18
4957,M,50
2843,M,35
4590,F,18
4211,M,25
5015,F,35
5191,F,25
3548,M,25
5851,F,18
3744,M,25
5008,M,18
4278,M,25
2491,M,25
4564,F,18
4792,M,18
3877,M,35
2853,M,18
5947,F,18
1519,M,35
1443,M,35
2939,M,45
5304,M,45
2542,M,25
2833,M,18
3882,M,25
3639,M,18
5642,M,25
829,M,18
2478,F,18
3204,M,35
4665,M,35
2383,M,50
2626,M,18
4132,M,18
5984,M,35
5060,M,25
535,M,18
2006,F,35
942,F,25
180,M,25
1032,M,25
4355,M,18
34,M,45
5992,M,18
5024,F,18
3178,M,25
2004,M,18
4044,M,35
4232,M,18
2589,F,35
2219,M,25
3344,M,25
311,M,25
328,M,45
5178,M,35
2360,M,56
1440,M,18
2616,F,35
4003,M,35
723,M,50
4168,F,35
1135,F,45
5358,M,25
1829,F,25
4305,M,35
2907,F,35
3887,F,18
356,M,18
1613,M,1
1838,M,18
253,M,35
3453,M,18
5186,M,25
2759,M,18
4663,F,18
2458,F,25
2563,M,56
5472,F,25
5377,F,35
4384,F,50
3220,M,25
483,M,25
4439,M,56
4652,M,18
1639,M,35
1651,M,45
2722,M,1
2095,F,25
3112,M,18
1556,F,50
1673,M,35
2988,M,18
3769,M,35
394,F,25
2404,M,18
1948,F,25
4686,M,25
566,F,25
111,M,18
4012,M,35
1197,F,35
308,M,45
3801,M,18
5270,M,18
5476,M,35
4236,F,18
3060,M,18
5659,F,25
4815,F,35
1520,M,18
2684,F,18
5026,M,25
1226,M,50
4348,M,25
890,M,25
1748,F,25
5246,M,35
4517,M,18
5176,F,35
5442,F,25
5837,M,25
5929,M,25
1479,F,35
5570,F,50
5293,M,25
2157,M,25
5560,M,18
4521,F,1
842,F,25
157,M,45
1968,M,25
628,F,25
2186,M,35
4693,F,45
4469,M,35
1065,F,25
1407,F,45
2658,F,25
5467,M,25
5610,M,25
3965,F,25
718,M,18
4856,M,25
2590,M,25
3142,M,18
2279,M,35
2961,M,25
1480,M,25
3687,M,50
3883,F,25
2263,M,25
4082,M,18
1390,M,18
5104,M,25
5455,M,18
4460,M,35
4681,M,25
1611,M,35
1386,M,25
2077,M,45
4567,M,18
4346,M,25
4581,F,25
3443,M,25
3975,M,25
873,M,25
3541,M,25
1229,F,25
122,M,18
344,M,25
205,M,25
3833,F,25
5632,M,35
4962,M,18
3152,M,18
2572,M,25
696,F,25
4134,M,25
2706,M,35
1504,M,56
4578,F,25
4064,M,25
3538,M,25
5319,F,50
334,F,25
3296,M,18
379,M,25
4277,M,25
2368,M,18
5023,M,18
827,F,25
321,F,25
576,M,18
759,F,25
3495,F,25
5470,M,25
2976,M,35
2397,M,25
2282,M,25
4425,F,25
5548,M,25
2441,M,25
4264,M,25
1620,M,18
4813,M,18
2429,M,35
2805,M,18
413,M,25
3719,F,35
2266,M,50
3294,M,25
2376,F,50
4519,M,18
3782,M,25
3890,F,18
3032,M,35
3667,M,25
5307,F,25
1882,F,35
1157,F,18
1003,M,25
6031,M,25
4200,M,25
5305,M,50
1743,F,25
2555,M,18
1842,M,50
5430,M,35
466,M,56
498,M,25
3067,M,1
1623,M,25
312,M,18
1239,M,25
2347,M,25
3307,M,18
2461,F,18
5340,F,18
1121,M,25
301,M,18
2519,F,25
2283,M,45
2469,F,18
5563,M,35
1338,M,45
1973,F,35
5871,M,18
1438,M,35
3172,M,25
447,M,25
185,F,45
1917,M,50
5970,F,25
6007,F,25
1248,F,56
3735,F,50
5120,M,35
1595,F,35
5013,M,56
1509,F,18
950,M,35
33,M,25
4421,M,35
2296,M,25
4265,F,25
3593,M,18
4880,M,35
3482,F,25
469,M,25
5777,F,56
2239,M,35
2733,M,25
3886,M,35
4512,M,50
5479,F,1
700,M,18
4169,M,18
456,M,35
1767,M,35
1037,F,25
2901,M,18
1807,F,50
2552,M,50
5802,M,25
3374,F,18
292,M,18
3389,F,35
3668,M,35
3219,F,25
1981,F,25
4192,M,25
3938,M,35
193,M,50
5648,F,35
1972,F,35
5303,F,25
1062,M,25
757,M,25
1814,M,45
3430,F,18
3633,M,25
2909,M,45
2896,M,25
4314,M,50
3292,F,25
5473,M,25
4672,F,25
1617,M,25
5259,M,25
3749,F,18
5633,M,18
3234,F,35
3308,M,35
3359,M,35
1225,M,25
4491,M,35
2983,M,25
88,M,25
2268,M,35
512,M,45
3257,M,25
1050,M,25
6006,M,45
332,M,35
1967,M,25
3517,M,25
4956,F,35
711,M,56
497,M,25
3953,M,45
2183,M,25
5411,F,25
880,F,50
2867,M,45
2088,M,18
3461,M,18
1282,M,18
4850,M,18
5234,M,1
2879,F,25
3546,M,35
5124,F,25
2341,M,25
1208,M,56
5387,F,45
3799,M,56
849,M,45
4613,M,50
3009,F,18
1240,M,25
1222,M,45
5143,M,25
3082,F,18
5517,M,35
1671,M,25
924,M,25
885,M,1
5317,M,25
572,M,56
3606,F,56
3046,M,25
4069,M,35
5274,F,18
4063,M,35
3426,M,35
3762,F,35
677,M,45
284,M,18
2300,M,56
5933,M,50
853,F,35
5834,F,25
4513,M,25
2904,M,18
4462,M,35
1315,M,25
2640,M,35
897,M,25
3710,M,45
5210,M,25
55,M,45
169,M,25
2834,F,25
4461,F,18
1448,M,35
1641,M,25
4916,M,35
519,F,35
4885,M,45
3509,F,18
2074,F,18
2293,F,18
770,M,35
3035,M,35
5337,M,25
460,M,25
4944,M,35
3504,M,25
3305,F,25
5133,M,25
3021,F,25
2193,M,25
5500,F,25
418,F,35
2693,M,56
4347,M,50
1766,M,35
200,M,50
4164,M,25
4841,M,45
258,M,18
5870,M,25
768,M,56
4436,M,18
225,M,35
2545,M,25
1783,M,35
5989,M,25
4557,M,18
3904,M,35
2194,M,50
3040,M,25
1537,F,1
2603,M,56
1861,M,35
5675,F,25
5087,M,18
78,M,18
936,F,25
548,M,18
2530,F,45
2559,M,18
986,M,50
188,M,35
3095,M,35
4017,M,25
1120,M,25
2953,M,25
5436,M,18
5591,M,25
3421,M,25
2711,M,35
3066,M,35
1343,M,35
5913,M,25
5694,M,35
1258,F,25
3456,F,45
1860,M,25
2409,M,25
3575,M,35
3462,M,18
1715,M,25
485,F,25
5744,M,25
1027,M,35
4723,M,25
2795,F,18
2094,F,18
3926,M,45
1106,F,25
4205,M,45
5461,M,25
5164,M,25
101,M,25
265,M,18
3160,M,25
1349,M,25
2120,M,45
1192,F,25
3444,F,45
1022,F,45
1840,M,25
1796,M,18
549,M,18
3813,M,45
951,M,35
1169,F,25
2452,F,25
5315,M,18
4488,M,56
3836,F,25
3840,M,18
1104,F,35
5220,M,50
2576,F,35
5119,M,25
1372,M,25
5161,F,18
1725,M,25
494,M,25
3429,F,25
2912,M,25
3117,M,35
4363,M,18
3897,F,25
3340,M,25
2340,M,25
2614,M,45
446,M,18
5390,M,1
508,M,35
1664,F,25
83,M,25
569,F,25
5208,M,25
3613,M,25
273,M,25
5379,M,25
944,M,45
2140,M,35
4699,M,18
2719,M,25
2688,F,35
627,M,35
3576,M,25
5067,M,50
5029,F,50
4732,M,25
5585,M,18
11,M,25
2651,M,18
5715,M,50
1550,F,45
5070,M,18
2244,M,25
4274,F,18
1405,M,18
2430,M,45
2931,M,18
5257,M,25
608,M,25
3125,M,35
3818,M,25
2835,M,25
1799,M,18
2312,M,35
2278,F,35
1191,M,25
3278,M,25
5281,M,35
3074,F,35
5290,F,18
1359,M,18
3370,M,18
5645,F,25
3417,M,18
3580,M,25
1141,M,18
5545,M,18
1843,F,18
5819,M,50
1223,M,18
4870,M,25
1848,M,18
528,M,35
955,M,18
4741,M,18
5165,F,18
830,F,25
1589,M,25
4097,M,25
2049,M,18
5309,M,35
1060,F,25
3363,F,18
2369,M,35
1487,M,25
3185,M,35
2400,F,45
3674,M,25
5088,F,25
5099,F,35
3205,M,25
1686,M,35
732,M,45
4033,M,18
5932,M,1
664,M,35
2438,F,25
2029,M,18
358,M,25
5639,M,25
5419,M,25
3979,F,25
3342,M,35
1547,M,25
370,M,35
4199,M,45
994,F,35
299,M,25
4051,F,56
488,F,35
5879,M,35
5378,M,25
4572,M,56
1984,M,25
2025,M,18
2574,M,18
3132,M,18
4834,F,25
1427,M,35
5486,F,25
1453,M,25
968,M,25
3621,M,25
4380,M,45
2792,M,25
2771,M,25
5732,F,18
4393,M,35
3595,M,18
3707,M,35
2852,M,1
5941,F,35
1693,M,25
4658,M,50
3558,F,56
5778,M,50
4319,M,18
1916,F,18
2944,M,18
4154,F,35
4943,F,25
3730,M,18
838,M,35
4788,M,35
617,M,35
577,M,25
4000,F,45
1333,F,18
1269,M,35
655,F,56
804,F,25
4950,M,1
4309,M,25
1142,F,35
4583,M,25
1780,M,56
2106,M,25
5106,M,35
5672,F,35
327,M,25
1044,F,35
5698,F,1
5415,M,18
3107,F,25
1391,M,35
451,F,35
4780,F,25
4190,M,18
1145,M,25
5770,M,25
2595,M,25
585,M,25
2433,M,25
3844,M,45
2699,M,35
5528,M,56
4170,M,50
4926,M,25
750,M,18
5068,M,18
1128,M,35
5162,M,25
5985,M,18
2504,M,25
4734,F,35
3229,M,25
2623,F,50
635,M,18
4245,M,18
925,M,50
3415,M,35
2957,M,50
5965,M,50
2685,M,25
596,M,25
4839,M,25
3047,M,18
2712,M,35
5269,M,25
2192,F,25
1035,M,25
1078,F,25
1220,M,35
1756,M,35
3232,M,25
4129,M,18
1264,F,25
4515,M,25
2169,M,25
5034,M,25
1061,M,18
5654,M,25
906,F,25
2885,F,45
3788,M,18
5302,F,25
1765,M,18
1733,M,35
4404,M,35
4541,M,35
4566,F,35
5343,F,35
2938,M,25
5471,M,45
5830,F,1
1357,F,45
2832,M,25
2206,M,45
7,M,25
4625,M,35
4485,M,25
3033,M,25
5394,M,35
1309,F,35
2859,F,25
1154,M,25
1801,M,25
187,F,25
3779,M,25
1997,F,50
4591,M,25
3253,M,25
5135,M,25
5718,M,25
3551,F,50
3171,M,18
3442,M,25
5464,M,18
4014,M,25
2643,M,35
839,M,25
2743,M,25
5431,M,25
728,M,35
3000,M,25
995,M,25
3187,F,56
434,M,25
2758,M,35
1052,M,35
571,M,18
3218,F,35
3565,M,45
4965,M,25
3165,F,18
1546,M,56
1974,M,25
2073,M,1
5665,M,35
4231,M,25
2905,F,25
167,M,25
3544,M,18
2327,M,18
3017,M,35
2696,M,50
1129,M,25
1928,M,45
1089,M,25
1585,M,25
3823,M,25
4610,M,35
5020,M,18
1434,M,25
5792,M,35
1099,M,18
3995,M,18
5964,M,25
2195,M,25
1621,M,25
3098,M,18
2946,M,18
581,M,25
4958,M,35
3974,M,25
1137,M,45
886,M,56
2501,M,18
3903,M,25
4167,M,25
310,F,35
1424,M,25
3579,F,25
3316,M,25
146,M,45
2718,M,18
4343,F,25
5761,F,18
2671,F,35
2348,F,18
3063,M,25
4742,M,56
1449,F,50
3382,M,18
2178,M,25
4405,F,35
5292,M,35
4694,M,50
1985,M,25
3434,M,50
5791,M,25
3199,M,25
5384,F,50
5745,F,18
5338,M,25
5552,M,25
5443,M,25
25,F,35
2247,M,25
5678,M,35
1675,M,35
5967,M,25
4827,M,35
86,F,25
5279,M,18
1522,M,25
492,F,45
2370,M,1
5323,F,56
4252,F,25
2251,M,25
3869,F,25
2541,F,25
3550,F,25
3797,F,25
6012,F,18
4546,F,25
1763,F,25
1692,M,50
4193,M,25
2386,M,18
3739,F,18
3356,F,18
6008,M,45
3409,M,25
3591,M,25
4751,M,18
672,M,18
2583,M,18
251,M,18
1800,F,35
5630,M,25
5011,F,35
1755,M,18
3321,F,35
5785,M,25
5919,M,35
3533,M,50
3802,M,25
2358,M,35
3743,M,35
4568,M,25
889,M,25
1214,F,25
5382,M,35
3010,M,45
4030,M,25
524,M,25
1177,M,25
798,M,45
482,M,56
4718,M,25
2516,M,18
2741,M,25
3854,M,50
3478,M,25
5366,F,25
4687,M,18
4370,F,18
3373,F,25
1377,M,25
3184,M,18
4208,M,25
4543,F,50
4933,M,25
3560,F,25
2667,M,50
612,F,25
688,M,45
4781,F,35
3891,F,1
2782,M,18
5828,M,25
283,M,35
894,M,25
3723,M,25
2738,M,35
5504,M,18
2654,M,25
738,M,50
480,M,25
2520,M,25
223,M,25
46,F,35
3236,M,18
4824,F,45
3224,M,25
3266,M,45
5335,M,18
3158,M,25
6016,M,25
3155,M,50
2271,F,1
2494,M,45
3807,M,35
5240,M,18
4898,M,18
2839,M,25
720,M,18
3274,M,25
4270,F,45
3347,M,25
5877,M,25
2213,M,25
5620,M,45
2851,M,35
2897,M,25
5623,M,25
4569,M,18
3391,M,56
5078,M,50
1775,M,18
5973,M,25
5376,M,35
1702,M,18
477,M,45
5420,M,45
4368,M,18
4927,F,56
408,M,25
105,M,25
175,M,35
2906,F,35
2596,M,35
3450,M,56
1540,M,45
4593,M,25
1834,F,25
2508,M,18
1859,M,25
2220,M,25
4144,M,1
5957,M,25
2872,M,50
5838,F,18
4868,M,25
5990,M,18
2495,M,25
5859,M,18
3542,M,25
126,M,18
3660,M,35
442,F,35
5908,M,25
5788,F,35
852,M,25
3894,M,45
4322,M,35
5158,M,25
5582,M,18
1822,M,35
3571,M,50
1586,M,25
42,M,25
1260,F,25
4683,M,25
3311,M,25
1498,M,56
3038,M,25
567,M,25
436,F,35
2015,M,25
5499,M,35
4331,F,35
2356,M,56
4740,M,25
2058,M,45
1030,M,35
5651,M,45
1691,M,18
3367,F,35
3911,F,35
2138,F,45
2288,F,25
3941,M,25
912,F,45
3763,M,45
1771,M,25
1607,F,18
3300,F,45
144,M,25
1323,M,18
4749,M,35
913,M,25
2277,M,35
4807,M,45
3048,F,45
4215,F,35
4233,M,25
4830,F,56
1720,M,50
2045,M,56
2254,M,18
2199,M,25
37,F,18
818,M,25
3577,M,56
3934,F,25
3146,F,18
4992,F,25
15,M,25
5776,M,35
4536,F,25
4480,F,25
259,M,35
5298,M,35
4722,F,50
5064,M,25
1268,F,45
4060,M,56
2485,M,25
4627,M,25
4296,M,45
4401,M,25
82,F,18
3258,F,25
767,M,50
4402,M,25
4674,M,25
2737,M,25
779,M,25
4004,M,50
4495,M,35
5251,M,18
4219,M,35
1689,M,45
962,M,35
1206,M,35
3327,F,25
2316,M,45
5103,M,56
5769,M,50
601,M,35
518,M,1
1740,M,35
1194,M,18
2831,M,18
544,M,25
1528,M,25
2313,M,18
3299,M,25
4139,M,25
5149,F,45
2841,M,50
2464,M,25
133,F,45
5069,M,35
3464,M,25
1774,M,50
1011,M,35
2941,F,35
4213,M,25
2286,F,56
4700,M,25
2124,F,25
1776,M,25
3282,F,56
3139,M,35
826,M,25
1696,M,25
2024,M,25
3961,M,25
2253,M,18
4779,M,25
1757,M,50
2189,M,50
1464,M,25
5626,M,25
2407,M,18
4056,M,35
2813,F,25
5388,F,35
3366,M,56
1591,M,45
5485,M,18
5757,F,35
2008,M,45
3643,M,35
2960,M,18
1251,M,25
2933,M,25
3490,M,35
3198,M,50
3175,M,1
2736,M,35
3809,M,25
472,M,25
607,M,25
5057,M,50
1583,M,25
2993,F,35
4140,M,45
2085,F,45
692,M,25
2111,M,45
1186,M,56
1532,M,35
808,M,25
404,M,25
5945,M,50
2573,M,25
517,M,35
747,M,25
3696,M,25
3225,F,35
4306,M,25
1674,M,35
5360,M,35
5351,M,18
3806,M,25
3682,M,56
854,M,56
3471,F,25
1117,F,1
1461,M,1
5181,M,25
725,M,25
4244,M,56
5656,M,25
1710,F,25
2119,M,25
4919,M,25
1005,M,25
4504,M,25
713,M,25
3333,M,35
5529,M,35
5995,M,56
3468,M,18
4316,M,1
1907,M,18
3650,M,18
3329,M,50
5638,M,25
1584,F,25
5521,M,35
2375,M,35
3123,F,45
2528,M,25
1745,M,45
2245,M,35
2367,M,35
3104,M,25
2982,M,35
3407,M,18
2660,M,25
337,M,50
316,M,25
3661,M,45
5000,M,18
5193,F,25
1469,M,25
2809,M,35
2597,M,25
3732,M,50
3053,M,35
5342,M,56
2881,M,35
3110,M,45
4373,M,25
5189,M,45
2599,F,45
5123,M,1
219,M,50
3673,M,25
5655,M,25
941,M,56
1953,M,25
2577,M,35
4276,M,56
345,F,25
2858,M,18
3841,F,50
2041,M,35
4759,F,50
4963,F,35
1302,M,35
2793,M,25
5535,M,45
881,M,25
4899,M,50
2547,M,25
2876,M,50
952,M,56
2649,M,50
5215,F,1
4349,F,50
1298,M,35
218,M,45
1762,F,25
140,M,56
2691,M,35
3400,F,25
1158,F,25
4483,M,25
1590,F,45
2257,M,50
191,M,45
5250,M,56
3648,M,35
749,F,18
2059,F,35
2534,M,35
45,M,45
2803,M,35
1604,F,50
5205,F,35
2750,M,56
669,F,25
5735,M,25
5324,M,25
4525,M,50
5159,M,25
3428,M,25
5480,F,56
5911,M,50
3800,M,35
1179,M,45
1082,F,45
4260,M,35
149,M,56
1380,M,18
3174,F,56
3390,M,35
155,F,45
5223,M,18
2856,F,25
326,M,45
346,F,25
5726,M,25
1524,M,25
2442,M,35
3906,F,25
4653,F,35
1010,M,35
896,F,35
543,M,56
3629,M,25
1526,M,45
4953,M,56
5887,M,35
1012,F,25
1899,M,25
2225,M,25
5413,M,18
814,M,50
4833,M,35
1259,M,35
5671,M,35
2594,F,45
3547,F,35
2950,F,45
1846,F,25
3685,F,35
3324,M,25
2261,M,50
4852,M,35
2818,M,56
4430,F,50
1335,F,35
1156,M,35
3881,F,45
3675,M,50
4266,F,25
5920,M,25
764,M,35
3188,M,50
888,M,35
2715,M,35
5696,M,50
1863,M,56
96,M,35
61,M,50
4533,F,35
5402,M,25
5843,M,25
3269,F,18
4527,F,50
2975,M,45
3419,F,35
2135,M,45
3612,M,25
1718,M,50
3148,F,1
1909,M,50
2205,M,25
2198,M,35
286,M,25
1816,F,35
2848,F,35
3555,M,25
5950,M,45
4142,M,25
2972,M,56
2209,M,35
3406,F,45
1384,M,35
6023,M,45
532,M,35
1764,M,45
5650,M,45
4420,F,45
1325,F,45
5662,F,45
4285,M,35
2259,F,45
6011,M,25
3473,M,35
3055,M,56
3997,M,35
2731,F,25
2945,M,50
2070,M,35
1871,M,35
2764,M,25
5359,F,25
2036,M,35
2050,M,25
5501,M,35
3368,M,25
4254,F,45
1261,M,1
1439,M,18
3025,M,56
1312,M,45
2274,F,18
2677,F,25
4441,F,18
4315,M,35
3015,M,50
2121,M,25
1262,M,18
5061,F,45
5646,M,45
670,M,25
1662,M,25
2608,M,25
2828,M,25
366,M,50
1872,M,25
3312,F,25
943,M,25
4743,M,18
5741,M,25
5753,F,35
4207,M,25
5140,M,35
1294,M,25
844,M,45
3610,F,50
3498,M,18
4886,M,25
631,M,25
4201,F,45
2320,M,35
3410,M,50
5071,F,25
5172,F,45
954,M,35
1468,F,25
4935,M,50
3889,M,25
2426,M,35
3713,F,25
21,M,18
2664,F,18
3805,M,25
4194,F,25
5831,M,35
5502,M,25
5628,M,25
262,M,25
4969,F,25
2999,M,18
1389,F,18
2418,M,45
3197,M,18
4240,M,18
1168,M,25
4689,M,18
5177,M,25
4746,M,35
3194,M,50
3096,M,35
1447,F,35
5789,M,35
2668,M,18
114,F,25
4452,M,35
3143,M,25
3751,M,35
3235,M,25
3852,F,50
3290,M,18
2272,M,35
680,M,18
4647,M,50
2264,M,25
2582,F,18
781,M,35
409,M,50
95,M,18
6013,F,25
2770,F,25
2110,M,25
5245,M,18
641,M,25
4937,F,25
5496,M,25
4838,M,25
5790,F,18
5192,M,25
1510,M,25
5426,M,25
3632,F,18
5081,M,45
331,M,25
4040,M,25
3191,F,18
2943,M,18
1845,M,18
2954,M,25
5444,M,50
793,M,18
3825,M,18
1943,F,18
907,F,18
504,F,18
5508,M,18
3238,F,18
5724,M,25
4502,M,25
5273,M,25
3087,M,25
2260,M,18
3314,F,45
5416,M,25
1209,M,18
2560,M,18
1508,M,18
3570,M,1
2686,M,25
2502,M,18
164,M,18
75,M,25
5352,F,50
1014,F,45
4703,M,25
3796,M,45
76,M,25
1558,M,18
4437,M,25
1644,M,35
554,M,45
1059,M,18
1577,M,25
5826,M,25
2315,F,25
867,M,1
5052,M,25
2414,M,25
5441,F,35
1992,M,25
2947,M,25
445,F,35
2959,M,50
719,M,35
4655,M,35
4374,M,18
3849,M,50
4162,M,56
4383,F,25
1739,M,25
2449,M,18
4406,M,45
1105,M,25
2567,M,25
2226,M,25
5915,M,25
2963,F,25
1344,M,35
5566,M,25
4398,M,35
255,F,35
2698,M,35
4259,F,25
3962,M,25
2030,M,25
99,M,25
1901,F,25
5218,M,50
4071,F,50
3828,M,18
1880,M,35
4696,F,50
4605,F,35
306,F,45
3475,M,35
4668,M,25
1077,F,45
5734,M,35
3493,M,35
5523,M,18
1862,M,45
5663,M,25
5972,M,1
4496,M,50
189,M,25
1000,M,25
4175,F,35
4091,F,25
5363,F,25
2214,M,25
5408,M,35
244,M,25
2875,M,35
1990,M,18
5689,M,35
2035,M,18
104,M,56
502,F,1
5389,M,45
2217,M,18
473,M,45
1754,M,50
1637,M,50
2043,M,25
1952,M,50
414,M,25
2849,M,50
1331,M,56
4293,F,25
2022,M,50
5808,M,50
1978,M,18
3328,M,25
3905,M,25
5926,M,45
5235,M,35
1737,M,25
3875,M,56
4498,M,18
940,M,56
1887,M,18
4574,F,18
3349,M,25
53,M,50
3422,M,25
6039,M,35
2766,M,45
3140,M,18
4890,M,25
4258,M,25
2622,M,25
5917,M,18
3826,M,25
5452,M,35
575,F,35
58,M,18
465,M,25
3820,M,25
5927,M,18
5668,M,18
4648,M,18
4706,F,45
5916,M,25
5429,M,35
5853,F,25
4450,M,1
3873,M,35
905,M,25
2026,M,56
440,M,25
1293,M,25
1224,M,18
51,M,18
3057,F,1
5546,M,18
5109,M,18
5445,M,25
4048,F,35
2673,F,25
1004,F,18
2345,M,45
3586,M,25
5089,M,35
4802,M,25
4310,M,25
1337,F,25
1742,M,35
243,F,25
2168,M,35
934,M,35
437,M,35
2611,M,18
348,F,25
3759,M,25
3122,M,45
1193,M,35
4195,F,1
1393,M,50
2940,M,25
2498,F,1
3365,F,25
1489,M,35
5798,M,25
5747,F,18
1660,F,56
5019,M,25
1417,F,25
5938,M,50
5541,F,45
2423,M,35
1108,M,25
5514,M,35
5882,F,25
1079,M,25
2330,F,18
410,M,25
1893,M,18
4433,F,45
2331,M,35
868,M,25
2242,F,18
5401,F,25
1736,F,35
4938,F,35
3843,M,25
1778,M,35
1567,M,35
2374,F,35
2304,M,25
2361,M,25
4013,F,1
3951,M,25
207,F,25
340,F,25
1609,F,25
2350,F,18
4029,F,18
3778,M,25
4366,F,45
5806,M,25
3587,M,25
5007,F,25
3525,M,25
3760,F,25
131,F,18
2752,M,25
4728,M,25
1559,M,25
3846,M,25
5397,M,25
823,M,25
73,M,56
645,F,56
4889,F,18
5098,F,25
1503,M,18
3286,M,25
2994,M,1
5543,M,50
3320,M,18
3023,M,18
2929,F,35
4909,M,25
4505,M,35
1408,M,25
5477,M,25
5660,M,25
1351,M,25
1929,M,50
3384,F,50
1723,F,25
1103,M,35
3863,M,18
2830,M,56
4656,M,25
3242,F,45
386,F,25
3966,M,35
699,M,35
1029,F,25
1109,M,25
1125,M,45
1614,M,25
5025,F,25
1324,F,18
4775,M,45
1273,F,18
2053,M,25
3787,F,45
4389,M,35
5730,M,35
1087,M,25
2180,M,35
5878,M,35
50,M,35
4261,M,25
457,M,56
938,M,35
3507,F,35
716,F,18
5695,M,45
515,M,50
1354,M,35
1813,M,56
4223,M,35
5955,F,35
2815,M,25
5865,M,25
5700,F,25
3814,M,35
4111,M,18
1139,M,35
3455,M,25
2365,M,18
4024,F,1
1658,F,45
993,F,25
506,M,18
1497,M,56
1383,M,18
203,M,18
1485,M,18
1542,F,25
1270,F,18
1531,F,18
1960,M,45
181,M,25
2937,M,25
1212,M,18
4570,F,18
2265,M,25
864,M,1
80,M,25
2765,M,45
5820,F,35
1574,M,25
1970,M,35
4917,M,25
4052,M,50
644,M,25
1243,F,25
4998,M,45
3998,M,35
271,F,35
4929,M,25
4843,M,35
376,M,35
400,M,35
5996,F,56
3624,M,35
1672,F,35
343,F,56
2951,M,25
5432,M,50
5686,M,50
947,M,25
4178,M,25
2827,M,18
4031,M,50
5284,M,45
237,M,18
1655,M,35
4812,M,56
3948,M,25
5587,F,25
5624,M,35
274,M,25
5522,M,56
3928,M,50
5050,F,18
380,M,50
2081,M,18
2987,M,45
5206,M,45
778,F,25
2303,M,50
3487,F,18
2153,M,56
3447,F,18
4563,F,56
204,M,56
1491,M,35
4308,F,56
2097,F,50
1094,M,35
4894,M,18
3578,F,25
3980,M,56
2211,M,1
1133,F,35
4532,M,35
5625,F,35
5212,M,25
5712,M,25
5339,F,35
1716,F,25
6005,M,56
5318,M,45
5399,M,45
4918,M,25
4336,F,25
4273,M,25
5731,M,25
2484,M,45
3987,M,25
1394,F,50
2212,M,45
4290,M,25
1566,F,35
5716,F,25
5968,M,45
4997,M,1
1561,M,35
4340,M,35
1368,F,25
3876,M,18
2098,F,50
5219,F,25
1400,F,35
2323,M,45
6014,M,35
2413,F,35
5821,M,25
3534,F,18
5962,M,18
2554,M,25
1554,M,56
1455,F,25
587,F,35
5332,M,35
4378,M,25
3898,M,1
3213,M,35
4726,F,50
421,M,18
3334,M,35
1366,M,18
6000,F,35
5085,M,18
3497,F,50
3069,F,45
4021,M,25
4382,F,25
855,M,35
5657,M,50
3289,M,18
3619,F,35
4602,M,18
4381,M,25
3007,M,25
3722,M,45
3322,M,35
4320,F,18
3626,M,25
5503,M,1
1127,F,25
4596,M,25
1416,M,35
3694,F,45
1656,M,25
3523,F,45
1432,M,25
761,M,45
4714,F,50
702,F,45
1113,M,25
1420,F,35
2306,M,56
3240,M,45
3405,F,25
2066,F,25
5880,M,25
788,F,35
6022,F,18
3167,F,45
3084,M,18
817,M,35
5157,M,25
1138,F,50
2385,M,25
3879,M,25
2443,M,25
5903,M,25
4482,F,18
5400,M,25
1045,M,25
3467,M,25
3049,F,25
1018,M,18
1340,F,35
2224,M,56
2628,M,25
1274,M,35
3003,F,45
384,F,35
1245,M,18
4763,M,45
2510,M,56
4641,F,25
2017,M,35
820,F,35
4032,M,25
4042,M,50
1397,M,25
5564,F,45
3481,M,45
1894,M,45
4534,F,1
2164,M,35
2105,M,56
3164,F,35
4367,M,18
1634,F,56
5534,M,18
5800,F,25
3516,M,35
5603,M,25
3715,M,25
202,M,35
1444,F,25
1181,M,35
4332,M,35
1627,M,25
3967,M,25
2497,M,25
3766,M,25
1470,M,35
5850,M,35
3126,M,50
2281,F,45
4739,M,50
5846,F,50
1123,M,35
4041,F,35
4045,M,18
3845,F,25
5010,F,50
2709,F,25
2777,F,25
1499,M,25
314,M,18
108,M,45
4371,F,18
4518,M,18
4789,M,35
735,F,25
1114,M,18
107,M,45
3892,F,35
1708,F,35
4748,M,1
752,M,45
5,F,25
2730,M,45
433,M,50
824,M,50
5333,M,25
4066,M,25
1761,F,25
4451,M,35
1040,F,18
6002,M,35
3838,F,18
1473,M,25
2587,F,50
1362,M,56
5888,M,45
5145,F,50
5998,M,50
1465,M,50
531,F,35
682,M,35
1711,M,45
1518,M,18
1483,M,25
1255,F,35
1426,F,25
799,M,35
610,M,45
2883,M,56
3567,M,35
3630,M,25
987,M,18
5771,M,25
5596,M,56
1126,M,25
5574,M,25
3733,M,45
4876,M,35
3842,M,1
2823,M,50
1630,M,18
4465,F,50
1935,M,18
2112,F,25
2566,M,35
1864,M,35
2104,F,56
1690,M,35
444,M,35
620,M,25
2729,M,25
5999,M,35
6026,M,35
5423,M,25
5795,M,50
969,M,25
1697,F,45
4945,M,35
3173,M,35
4778,M,18
5827,F,56
5239,M,25
5156,M,25
1033,F,25
5549,F,56
5767,F,25
3412,M,45
2808,M,45
4817,M,50
5367,M,35
1322,M,1
3540,F,18
2039,F,56
2864,M,25
5153,F,25
1297,M,25
748,M,35
4286,F,56
5481,M,45
3460,M,35
3202,F,18
4166,M,25
5495,F,45
3280,M,45
430,M,18
4184,M,50
4678,M,18
1310,M,45
1403,M,35
115,F,35
5688,M,35
4804,F,56
2044,M,25
2845,F,56
1278,M,50
5584,M,35
5713,M,35
3697,F,45
5876,M,25
2318,M,25
1053,F,25
1803,M,25
4094,M,25
1911,M,18
2637,F,25
4753,M,18
5515,F,56
3773,F,25
1701,F,25
2986,M,35
335,M,35
3001,M,25
4116,F,35
3932,M,45
4413,F,45
367,F,18
1552,F,18
1989,F,35
5097,M,35
4412,M,25
756,M,45
3042,F,35
4388,M,25
412,F,18
102,F,50
602,M,35
928,M,25
3141,M,35
2255,F,35
5347,M,45
4153,M,50
1659,M,56
3486,M,45
3044,M,45
2965,F,18
4970,M,50
5271,F,1
3276,M,18
3755,M,25
5296,F,25
1826,M,56
1854,M,35
2136,F,56
1073,M,25
5372,F,25
368,M,45
3027,M,56
2666,M,1
681,M,50
263,M,25
2700,M,25
4472,M,45
4098,M,25
3924,F,50
918,F,18
5841,M,35
5093,M,25
2569,M,18
5673,M,56
2019,M,25
3097,F,25
841,M,25
2096,F,35
4547,F,35
4509,M,25
5839,M,56
1162,M,50
4787,M,18
182,F,35
4179,M,25
2745,M,56
1560,M,50
4113,M,18
4892,M,50
1628,M,25
1370,M,25
278,F,35
3659,M,35
500,M,50
875,F,35
5217,F,45
2625,F,25
2877,F,45
5705,M,35
5580,M,35
4737,M,35
4669,M,25
1188,F,1
5975,M,56
1178,M,35
4903,F,25
1190,M,1
5891,F,25
353,M,50
4043,M,25
4650,M,25
5640,M,50
4478,M,35
1885,M,45
5326,M,25
2732,M,45
5979,M,50
1182,M,45
1790,F,50
769,F,25
197,M,35
2926,M,18
4603,M,25
2334,M,35
1313,M,25
3662,M,18
4708,M,25
5487,M,50
2172,M,25
5406,M,18
1729,M,25
4,M,18
49,F,50
2672,M,35
4330,M,56
5362,M,18
1646,M,25
1387,M,35
94,M,25
3255,M,18
5243,F,25
1955,M,25
116,M,25
3514,M,25
5073,M,18
4637,M,35
5346,F,18
5510,M,35
365,F,18
5725,M,25
4050,M,25
2747,M,45
2262,F,35
2123,M,35
2456,M,50
2455,M,18
5856,M,35
4999,F,50
5616,M,18
4511,M,56
1301,F,35
929,M,1
4369,M,45
2928,F,35
1482,M,1
603,M,45
1237,M,50
4342,M,25
4630,M,35
5037,M,25
402,F,35
2324,F,18
270,M,18
2890,F,35
2992,M,35
1183,M,18
4198,F,35
2785,F,45
542,F,35
2207,F,25
1679,M,25
4235,M,35
1841,M,25
2568,M,35
4754,M,56
4819,F,56
4353,F,18
4106,F,25
2966,F,35
216,M,50
282,M,18
2243,F,45
3794,M,50
1100,M,25
2187,M,35
4848,M,25
1242,M,25
5893,M,50
972,F,35
2448,M,25
4356,M,18
4501,M,18
850,F,35
3183,F,56
4930,M,18
1977,M,25
1436,M,18
1330,M,18
1869,M,25
2079,F,56
540,M,25
5179,M,56
4311,M,35
3133,M,18
2005,M,35
1606,M,18
5862,M,1
5147,M,25
201,M,25
3393,M,35
3824,M,25
570,M,25
4786,F,25
1288,M,25
4528,M,25
3857,M,25
132,F,50
2146,M,35
5890,F,25
3568,F,25
5783,M,25
4752,M,1
4887,M,18
3848,F,45
6021,F,18
3921,F,1
5687,F,45
3718,F,45
2694,M,50
3654,F,25
5617,M,25
2903,F,56
5044,M,18
1543,M,1
4594,M,25
2185,F,25
5986,M,35
2781,M,25
4237,M,35
4829,M,35
1020,F,25
3724,M,35
3774,M,18
598,M,45
1283,M,35
2342,M,35
369,F,25
2473,M,18
2915,M,25
3957,F,25
4948,M,25
229,M,56
5558,M,25
304,M,25
4664,F,25
1110,M,25
1557,F,25
1232,F,25
657,M,18
4643,M,25
5094,F,18
1876,M,18
4867,M,25
3829,M,18
1361,M,45
4151,M,25
5114,M,56
5643,M,45
3019,F,18
2411,M,45
1271,M,25
5505,M,25
5121,M,25
4196,M,35
110,F,1
389,M,25
4020,M,35
919,M,25
3301,M,25
591,M,25
4981,F,1
2820,F,56
2546,F,35
4036,F,18
4442,F,25
4341,M,25
4229,M,56
493,M,25
1144,F,56
5594,M,50
3623,M,25
3693,M,56
6017,F,25
1709,M,25
4731,M,18
1768,F,25
3954,M,18
2450,M,18
1598,F,18
5612,M,25
2463,M,35
5108,M,25
862,M,25
1414,F,50
1906,M,25
1091,M,25
4920,F,25
2754,F,25
810,F,25
660,M,35
3524,M,18
821,F,25
4023,F,56
895,M,25
5571,M,56
3515,F,35
4783,M,25
3870,M,18
2406,F,50
352,F,25
4598,F,35
5129,F,25
2075,F,50
5139,F,25
1095,F,25
3862,M,25
5241,M,18
4730,F,50
1839,M,18
2064,F,45
5288,F,35
3169,M,25
3808,F,45
3734,M,56
892,M,45
173,F,18
4704,M,35
1456,M,18
5550,M,18
5277,F,50
861,M,35
2056,M,56
4234,F,25
54,M,18
1750,M,18
1306,M,18
2302,F,25
1207,M,25
3465,M,25
5936,M,25
1230,M,25
4084,M,18
3554,M,35
405,M,25
1090,M,25
3821,F,18
2170,M,35
3277,M,25
1626,M,18
2197,M,25
579,M,18
1238,M,35
2181,F,25
1857,M,25
2,M,25
3652,F,25
1494,F,18
1318,M,45
1942,M,1
3981,M,25
2325,M,50
5040,M,35
290,M,18
4339,M,50
1374,M,25
3708,M,18
4555,M,56
357,M,25
2301,F,18
4801,F,18
2610,F,25
1266,M,1
621,M,25
5608,F,50
2806,F,35
5925,F,35
833,M,25
1738,M,45
1493,F,45
1496,F,1
5253,M,25
1622,M,35
3832,M,1
3262,F,25
4434,F,25
4666,M,18
4399,F,25
1478,F,18
5796,F,1
3230,M,35
5537,M,50
5987,F,50
5797,F,35
2801,M,18
3396,M,25
4966,M,35
796,F,25
4530,F,25
249,F,45
4302,M,56
3216,M,56
4832,F,35
5446,F,25
2763,M,45
1275,M,18
4806,M,25
5825,M,25
4318,M,56
1124,F,45
5151,M,50
5997,M,25
5213,M,25
3170,F,18
4811,M,25
565,F,50
1652,M,45
59,M,45
690,M,18
4770,M,18
4814,F,25
3919,M,35
322,M,18
3402,M,35
3227,F,18
590,M,35
2810,M,18
4448,F,18
5383,F,1
984,M,18
4325,M,50
2425,M,25
1580,M,35
60,M,35
2854,F,25
2751,M,25
2287,M,35
773,M,25
4197,M,35
2092,M,56
1610,M,18
1670,M,35
1346,M,25
247,M,25
2746,M,25
4954,F,35
3212,M,35
4054,M,35
1931,M,35
1661,F,25
5228,M,45
659,M,18
1072,F,25
1806,M,45
313,M,25
708,M,25
5530,M,25
2749,M,25
3207,M,18
5641,M,45
546,M,18
2644,M,18
3956,M,35
2163,F,35
3539,F,18
3564,M,25
2087,M,25
3770,F,50
5653,F,25
2366,F,35
3222,M,25
3625,M,25
3432,F,25
5779,M,45
541,F,25
5976,F,18
2917,M,45
2816,M,25
3688,M,25
3642,M,18
1791,M,45
4453,F,25
1176,M,35
1525,F,1
4427,M,18
623,F,50
3529,M,56
4803,M,50
2481,M,35
4206,M,45
2476,F,25
300,M,25
1066,M,35
4120,F,1
2051,F,1
4321,F,35
27,M,25
1759,M,50
2786,M,18
2177,F,18
5952,M,50
463,M,25
5738,F,50
84,M,45
1615,M,25
2048,M,25
3243,F,56
3657,M,45
5438,F,25
638,M,35
625,M,56
2270,M,45
287,M,25
5483,M,25
5336,F,35
4183,M,18
2985,F,18
5482,F,18
2783,F,50
1068,M,35
3901,F,35
5285,M,50
2868,M,35
4271,M,25
5134,M,1
1334,M,45
5894,M,35
3176,M,1
2900,M,50
5607,F,35
4247,F,25
4976,F,35
643,F,25
2393,M,45
3062,M,18
4911,M,35
3483,M,50
2016,M,18
667,F,18
5009,M,25
1115,F,25
232,F,25
5006,F,35
4419,M,25
695,M,35
5112,M,25
5774,M,50
1979,F,18
1431,F,35
2227,M,45
4307,M,25
539,M,45
4636,M,56
1987,F,50
2811,M,25
4577,M,35
5286,M,25
3703,F,25
1568,F,25
3971,F,45
3051,M,18
3353,M,25
2190,M,50
2780,F,45
874,M,25
4117,M,35
4524,F,18
454,M,18
2152,M,35
3741,F,45
2918,M,35
2102,M,35
953,M,50
3943,M,35
1409,F,18
4769,F,25
2003,M,18
1858,M,18
3332,F,50
4100,F,25
3737,F,35
449,F,25
3747,F,35
927,M,25
2517,M,35
3099,M,45
2847,M,25
450,F,18
3026,F,18
1749,M,35
4119,M,25
4869,M,35
3239,M,25
976,M,25
1057,M,25
2753,M,56
4299,M,25
5618,M,18
5306,M,25
5873,M,35
1804,M,35
130,F,18
5597,M,50
3543,M,25
1565,F,35
762,M,25
3712,M,1
2506,M,18
1535,F,18
5136,M,35
1047,F,25
1180,M,1
1721,F,35
807,F,18
1218,M,25
2471,M,18
117,M,18
520,M,25
2166,F,18
4291,F,35
2167,F,25
5321,M,18
5866,M,50
5369,M,25
5225,F,25
3850,M,25
3513,M,50
5634,M,56
3124,M,25
599,M,25
2920,F,25
5233,M,1
1026,F,35
970,M,18
2705,M,18
1642,M,18
766,M,35
6032,F,25
2522,M,56
3518,M,18
971,M,25
966,F,25
119,F,35
561,M,35
4392,M,35
3573,M,25
503,M,25
3740,M,35
145,M,35
4034,M,50
3268,F,25
138,M,18
2011,F,18
30,M,18
586,M,25
3978,M,56
1367,F,1
2294,F,18
1369,M,25
1167,M,18
3014,M,35
1705,F,25
5154,F,25
1481,F,25
2874,F,35
397,F,25
4601,M,25
3933,M,35
1328,M,35
407,F,18
4268,M,25
3006,M,18
424,M,56
2002,F,18
4222,F,18
5742,M,18
100,M,25
758,M,35
377,M,18
3427,M,25
2067,M,25
3944,M,35
609,F,50
2775,M,35
1688,M,18
3348,M,1
3996,M,25
4395,F,35
5681,M,56
2549,M,25
1732,M,45
1080,M,25
3627,M,18
1353,M,25
3645,M,18
1467,M,25
1785,M,25
3358,F,35
706,M,18
2462,M,18
183,F,25
3817,F,25
1280,M,25
3729,F,25
5048,M,25
3466,M,25
19,M,45
5132,M,25
1241,M,25
3018,M,25
3241,M,50
3726,F,25
2509,F,35
3913,F,25
220,F,18
129,M,18
1049,M,25
4764,M,25
2886,M,25
4385,M,18
4588,F,1
1279,F,56
2431,M,18
1934,F,18
3438,F,35
1746,F,1
5291,M,1
1704,F,50
1034,F,25
20,M,18
3992,M,25
887,F,35
241,F,25
710,F,50
1867,M,25
147,M,56
5506,M,25
1101,F,1
1772,M,45
5263,M,25
295,M,25
3079,M,35
2949,M,25
5728,M,18
1171,M,25
1102,M,18
898,M,1
4884,M,35
135,M,25
5170,M,18
2930,M,25
1086,F,35
2652,F,45
5385,M,18
3847,F,25
846,M,25
4214,M,25
3553,M,25
5448,M,25
3607,F,35
848,M,18
5699,M,25
4809,M,25
2772,M,35
1116,M,25
4397,F,25
1727,M,25
545,M,35
5793,M,25
3310,M,35
4242,M,25
618,F,25
1421,M,1
3746,F,35
3592,F,25
388,F,50
2670,M,35
3388,F,25
1233,M,25
825,M,50
3945,M,18
2807,F,25
1596,M,25
2308,M,25
2432,M,25
990,M,25
4835,M,25
3037,M,25
2598,M,50
5683,M,45
3669,M,25
5116,F,35
2459,M,25
3214,M,18
3784,F,25
1272,M,18
3939,M,25
3959,M,25
3597,F,25
5076,F,18
1898,M,25
2525,F,25
1924,F,35
3131,M,56
342,F,35
4137,M,25
2638,M,25
4654,F,45
5867,M,25
320,F,1
2014,F,35
4697,M,25
2359,M,35
978,F,1
6030,F,25
5818,M,45
5576,F,18
3963,M,50
257,M,35
640,F,25
1663,F,18
856,F,25
1031,M,50
4633,M,45
3318,M,50
1878,F,25
2155,F,45
2298,M,25
318,M,25
1201,F,25
2521,F,50
347,F,25
4604,F,25
981,F,50
5852,M,25
2154,F,25
1217,F,45
872,M,35
470,F,25
4464,M,25
616,F,25
2475,M,25
499,M,18
3306,M,25
2201,M,25
2723,M,50
3986,M,18
4702,F,25
3474,M,35
1399,M,25
5079,M,35
1879,M,35
5111,F,18
1112,M,18
3511,M,25
5527,M,25
597,F,35
4821,M,25
5231,M,50
870,M,35
5325,M,18
5125,M,45
2031,M,25
2398,M,35
4039,M,25
2507,M,25
1923,M,25
3291,F,18
3752,M,35
4016,M,25
1636,F,35
186,M,50
5772,M,25
2657,F,45
505,F,35
2063,F,18
611,M,25
4995,M,25
3676,M,18
1235,F,45
77,F,25
422,M,25
2925,F,18
1605,M,35
214,M,18
5864,M,50
4865,F,50
2343,M,25
5077,M,18
2819,F,25
92,M,25
3999,M,56
1731,M,25
3692,M,35
1422,F,25
1292,F,50
2757,M,35
2223,M,45
3005,F,35
381,F,35
5331,F,18
4973,M,18
3499,M,25
2840,M,25
4757,M,18
1411,M,18
176,M,25
5197,M,25
2428,F,45
5182,M,50
1545,F,25
4756,M,45
2310,F,45
4986,F,18
3383,F,35
260,F,56
5513,F,45
5544,M,56
4908,M,18
333,M,25
2619,M,18
5764,F,45
2703,M,1
1441,M,45
5898,F,25
5949,F,18
2054,M,18
1373,M,45
5555,F,18
1683,F,45
5102,F,45
35,M,35
17,M,25
426,M,18
468,M,25
4745,F,35
4323,M,50
252,M,56
5428,M,45
1350,M,35
3851,M,35
349,F,25
3088,M,1
2122,F,25
909,M,25
443,F,25
5697,M,35
2479,M,35
2629,M,25
4292,M,56
1789,M,35
5536,M,35
5815,M,25
5855,M,25
3273,F,18
2499,F,56
1300,M,25
195,M,25
1533,F,1
2061,F,25
1812,F,35
3496,F,18
230,F,50
2132,M,35
5598,F,35
1228,F,25
280,F,25
2422,M,18
1921,F,25
5569,M,45
1594,F,25
1395,M,50
1460,F,45
5255,F,25
2379,F,25
4897,F,1
4798,M,35
4255,M,18
3154,F,25
5692,M,35
5227,M,35
4350,M,35
4736,F,25
2744,M,45
3973,F,25
6025,M,45
2492,F,35
4410,M,35
4188,M,25
1317,M,50
2488,M,25
5661,M,25
4857,M,25
4744,M,25
2410,F,25
1827,M,35
4928,M,18
3683,M,18
479,F,25
1352,M,25
649,F,18
5497,M,45
1831,M,50
5511,M,25
2421,F,25
4455,F,25
5002,F,45
4365,F,56
3700,F,45
4863,M,25
